{"base_files_url": "", "db_files": ["arcadeoffsetdb.json.zip"], "db_id": "arcade_offset_folder", "db_url": "https://raw.githubusercontent.com/Toryalai1/Arcade_Offset/db/arcadeoffsetdb.json.zip", "default_options": {}, "files": {"_Arcade/_Arcade Offset/_Bubble Bobble/Bubble Bobble Ultra.mra": {"delete": [], "hash": "028da69602900d78d4a24d152291d27d", "size": 42859, "url": "https://raw.githubusercontent.com/Toryalai1/Arcade_Offset/c8157ccbe4d39c517b1a2069646fe3f8a827ae3c/release/_Arcade%20Offset/_Bubble%20Bobble/Bubble%20Bobble%20Ultra.mra"}, "_Arcade/_Arcade Offset/_Bubble Bobble/Pixel Bubble.mra": {"delete": [], "hash": "0cf4e786f95e3de316a0e663be4f29bf", "size": 36599, "url": "https://raw.githubusercontent.com/Toryalai1/Arcade_Offset/c8157ccbe4d39c517b1a2069646fe3f8a827ae3c/release/_Arcade%20Offset/_Bubble%20Bobble/Pixel%20Bubble.mra"}, "_Arcade/_Arcade Offset/_CP System Changer/Street Fighter Zero (CPS Changer, Japan 201218).mra": {"delete": [], "hash": "5a5b1ec9a1db4028c36e7825441f1402", "size": 19628, "url": "https://raw.githubusercontent.com/Toryalai1/Arcade_Offset/c8157ccbe4d39c517b1a2069646fe3f8a827ae3c/release/_Arcade%20Offset/_CP%20System%20Changer/Street%20Fighter%20Zero%20%28CPS%20Changer%2C%20Japan%20201218%29.mra"}, "_Arcade/_Arcade Offset/_CP System Changer/Tenchi wo Kurau II Sekiheki no Tatakai (CPS Changer, Japan 921031) [Unlocked].mra": {"delete": [], "hash": "9a67b5dd7895a0e8cc4438a09c8c6c0c", "size": 3614, "url": "https://raw.githubusercontent.com/Toryalai1/Arcade_Offset/c8157ccbe4d39c517b1a2069646fe3f8a827ae3c/release/_Arcade%20Offset/_CP%20System%20Changer/Tenchi%20wo%20Kurau%20II%20Sekiheki%20no%20Tatakai%20%28CPS%20Changer%2C%20Japan%20921031%29%20%5BUnlocked%5D.mra"}, "_Arcade/_Arcade Offset/_CP System II/Final Fight 30th Anniversary CPS2 Edition (World 891214).mra": {"delete": [], "hash": "72b23abe2e59a32c6a60e90c63ce321a", "size": 3451, "url": "https://raw.githubusercontent.com/Toryalai1/Arcade_Offset/c8157ccbe4d39c517b1a2069646fe3f8a827ae3c/release/_Arcade%20Offset/_CP%20System%20II/Final%20Fight%2030th%20Anniversary%20CPS2%20Edition%20%28World%20891214%29.mra"}, "_Arcade/_Arcade Offset/_CP System II/Hyper Street Fighter II The Anniversary Edition (Gouki).mra": {"delete": [], "hash": "03dd8a01cce461e0f1ce75a469d00d96", "size": 4032, "url": "https://raw.githubusercontent.com/Toryalai1/Arcade_Offset/c8157ccbe4d39c517b1a2069646fe3f8a827ae3c/release/_Arcade%20Offset/_CP%20System%20II/Hyper%20Street%20Fighter%20II%20The%20Anniversary%20Edition%20%28Gouki%29.mra"}, "_Arcade/_Arcade Offset/_CP System II/Hyper Street Fighter II The Anniversary Edition (True Gouki).mra": {"delete": [], "hash": "3f3fc80bc060fbc990f1317f02f3eeb9", "size": 4516, "url": "https://raw.githubusercontent.com/Toryalai1/Arcade_Offset/c8157ccbe4d39c517b1a2069646fe3f8a827ae3c/release/_Arcade%20Offset/_CP%20System%20II/Hyper%20Street%20Fighter%20II%20The%20Anniversary%20Edition%20%28True%20Gouki%29.mra"}, "_Arcade/_Arcade Offset/_CP System II/Mars Matrix Hyper Solid Shooting (Asia 000412) (Trap15 Improvement v1.0.0).mra": {"delete": [], "hash": "a5c2128b2fb2b7908c13f597ca918c15", "size": 9906, "url": "https://raw.githubusercontent.com/Toryalai1/Arcade_Offset/c8157ccbe4d39c517b1a2069646fe3f8a827ae3c/release/_Arcade%20Offset/_CP%20System%20II/Mars%20Matrix%20Hyper%20Solid%20Shooting%20%28Asia%20000412%29%20%28Trap15%20Improvement%20v1.0.0%29.mra"}, "_Arcade/_Arcade Offset/_CP System II/Mars Matrix Hyper Solid Shooting (Japan 000412) (Trap15 Improvement v1.0.0).mra": {"delete": [], "hash": "919fb2618c453baa58b57a637f4be6cc", "size": 9556, "url": "https://raw.githubusercontent.com/Toryalai1/Arcade_Offset/c8157ccbe4d39c517b1a2069646fe3f8a827ae3c/release/_Arcade%20Offset/_CP%20System%20II/Mars%20Matrix%20Hyper%20Solid%20Shooting%20%28Japan%20000412%29%20%28Trap15%20Improvement%20v1.0.0%29.mra"}, "_Arcade/_Arcade Offset/_CP System II/Mars Matrix Hyper Solid Shooting (USA 000412) (Trap15 Improvement v1.0.0).mra": {"delete": [], "hash": "62a3f43da5c2d4023c66e6057d1ef050", "size": 9697, "url": "https://raw.githubusercontent.com/Toryalai1/Arcade_Offset/c8157ccbe4d39c517b1a2069646fe3f8a827ae3c/release/_Arcade%20Offset/_CP%20System%20II/Mars%20Matrix%20Hyper%20Solid%20Shooting%20%28USA%20000412%29%20%28Trap15%20Improvement%20v1.0.0%29.mra"}, "_Arcade/_Arcade Offset/_CP System II/Progear Red Label Halfway to Hell (Japan 160117).mra": {"delete": [], "hash": "0e8fbd656516d52b34499d3eafe6834b", "size": 2910318, "url": "https://raw.githubusercontent.com/Toryalai1/Arcade_Offset/c8157ccbe4d39c517b1a2069646fe3f8a827ae3c/release/_Arcade%20Offset/_CP%20System%20II/Progear%20Red%20Label%20Halfway%20to%20Hell%20%28Japan%20160117%29.mra"}, "_Arcade/_Arcade Offset/_CP System II/Street Fighter Zero 3 Mix (Brazil 220325 V0.07).mra": {"delete": [], "hash": "3eefed5e1506540a1bfdbcb44e222154", "size": 25096379, "url": "https://raw.githubusercontent.com/Toryalai1/Arcade_Offset/c8157ccbe4d39c517b1a2069646fe3f8a827ae3c/release/_Arcade%20Offset/_CP%20System%20II/Street%20Fighter%20Zero%203%20Mix%20%28Brazil%20220325%20V0.07%29.mra"}, "_Arcade/_Arcade Offset/_CP System II/Super Puzzle Fighter II X' Prime (Euro 2100823).mra": {"delete": [], "hash": "c710741d9e44ca7fa428bee38fc865d1", "size": 61741, "url": "https://raw.githubusercontent.com/Toryalai1/Arcade_Offset/c8157ccbe4d39c517b1a2069646fe3f8a827ae3c/release/_Arcade%20Offset/_CP%20System%20II/Super%20Puzzle%20Fighter%20II%20X%27%20Prime%20%28Euro%202100823%29.mra"}, "_Arcade/_Arcade Offset/_CP System II/Super Street Fighter II The New Challengers Super 2 (USA 930911) [Hack].mra": {"delete": [], "hash": "7727b2ce3a0912a28ab61386fba2cf98", "size": 5340, "url": "https://raw.githubusercontent.com/Toryalai1/Arcade_Offset/c8157ccbe4d39c517b1a2069646fe3f8a827ae3c/release/_Arcade%20Offset/_CP%20System%20II/Super%20Street%20Fighter%20II%20The%20New%20Challengers%20Super%202%20%28USA%20930911%29%20%5BHack%5D.mra"}, "_Arcade/_Arcade Offset/_CP System II/Super Street Fighter II The New Legacy (World 240404) [Beta v0.9].mra": {"delete": [], "hash": "b25633d94a9e6a187e3816c7becf9592", "size": 2141950, "url": "https://raw.githubusercontent.com/Toryalai1/Arcade_Offset/c8157ccbe4d39c517b1a2069646fe3f8a827ae3c/release/_Arcade%20Offset/_CP%20System%20II/Super%20Street%20Fighter%20II%20The%20New%20Legacy%20%28World%20240404%29%20%5BBeta%20v0.9%5D.mra"}, "_Arcade/_Arcade Offset/_CP System II/Vampire The Night Warriors Boss Hack [Yumeji] (Japan 010217).mra": {"delete": [], "hash": "04793a6ae089b6132645c40cd009f911", "size": 5943, "url": "https://raw.githubusercontent.com/Toryalai1/Arcade_Offset/c8157ccbe4d39c517b1a2069646fe3f8a827ae3c/release/_Arcade%20Offset/_CP%20System%20II/Vampire%20The%20Night%20Warriors%20Boss%20Hack%20%5BYumeji%5D%20%28Japan%20010217%29.mra"}, "_Arcade/_Arcade Offset/_CP System II/_Colorblind/Super Puzzle Fighter II Turbo (Euro 960529) [CB V.1].mra": {"delete": [], "hash": "c7eb915b351a2c9f51b92d48cf4373c9", "size": 4302, "url": "https://raw.githubusercontent.com/Toryalai1/Arcade_Offset/c8157ccbe4d39c517b1a2069646fe3f8a827ae3c/release/_Arcade%20Offset/_CP%20System%20II/_Colorblind/Super%20Puzzle%20Fighter%20II%20Turbo%20%28Euro%20960529%29%20%5BCB%20V.1%5D.mra"}, "_Arcade/_Arcade Offset/_CP System II/_Colorblind/Super Puzzle Fighter II Turbo (Euro 960529) [CB V.2].mra": {"delete": [], "hash": "8d13908d253aa9c63a0e703f187f108d", "size": 4253, "url": "https://raw.githubusercontent.com/Toryalai1/Arcade_Offset/c8157ccbe4d39c517b1a2069646fe3f8a827ae3c/release/_Arcade%20Offset/_CP%20System%20II/_Colorblind/Super%20Puzzle%20Fighter%20II%20Turbo%20%28Euro%20960529%29%20%5BCB%20V.2%5D.mra"}, "_Arcade/_Arcade Offset/_CP System II/_Colorblind/Super Puzzle Fighter II Turbo (USA 960620) [CB V.1].mra": {"delete": [], "hash": "b0b938529a09114f1e5806e532045005", "size": 4312, "url": "https://raw.githubusercontent.com/Toryalai1/Arcade_Offset/c8157ccbe4d39c517b1a2069646fe3f8a827ae3c/release/_Arcade%20Offset/_CP%20System%20II/_Colorblind/Super%20Puzzle%20Fighter%20II%20Turbo%20%28USA%20960620%29%20%5BCB%20V.1%5D.mra"}, "_Arcade/_Arcade Offset/_CP System II/_Colorblind/Super Puzzle Fighter II Turbo (USA 960620) [CB V.2].mra": {"delete": [], "hash": "26c2e2aec43bb1f14c92d63193dd4063", "size": 4263, "url": "https://raw.githubusercontent.com/Toryalai1/Arcade_Offset/c8157ccbe4d39c517b1a2069646fe3f8a827ae3c/release/_Arcade%20Offset/_CP%20System%20II/_Colorblind/Super%20Puzzle%20Fighter%20II%20Turbo%20%28USA%20960620%29%20%5BCB%20V.2%5D.mra"}, "_Arcade/_Arcade Offset/_CP System II/_Colorblind/Super Puzzle Fighter II X (Japan 960531) [CB V.1].mra": {"delete": [], "hash": "31e99f9c71d24e0b088c0ce88ec93d01", "size": 4312, "url": "https://raw.githubusercontent.com/Toryalai1/Arcade_Offset/c8157ccbe4d39c517b1a2069646fe3f8a827ae3c/release/_Arcade%20Offset/_CP%20System%20II/_Colorblind/Super%20Puzzle%20Fighter%20II%20X%20%28Japan%20960531%29%20%5BCB%20V.1%5D.mra"}, "_Arcade/_Arcade Offset/_CP System II/_Colorblind/Super Puzzle Fighter II X (Japan 960531) [CB V.2].mra": {"delete": [], "hash": "d25d3a14bbe0e1985fe9baa915436fe5", "size": 4263, "url": "https://raw.githubusercontent.com/Toryalai1/Arcade_Offset/c8157ccbe4d39c517b1a2069646fe3f8a827ae3c/release/_Arcade%20Offset/_CP%20System%20II/_Colorblind/Super%20Puzzle%20Fighter%20II%20X%20%28Japan%20960531%29%20%5BCB%20V.2%5D.mra"}, "_Arcade/_Arcade Offset/_CP System II/_Colorblind/Super Puzzle Fighter II X' Prime (Euro 2100823) [CB V.1].mra": {"delete": [], "hash": "f0f483169d4921b31dccee8f94107791", "size": 62310, "url": "https://raw.githubusercontent.com/Toryalai1/Arcade_Offset/c8157ccbe4d39c517b1a2069646fe3f8a827ae3c/release/_Arcade%20Offset/_CP%20System%20II/_Colorblind/Super%20Puzzle%20Fighter%20II%20X%27%20Prime%20%28Euro%202100823%29%20%5BCB%20V.1%5D.mra"}, "_Arcade/_Arcade Offset/_CP System II/_Colorblind/Super Puzzle Fighter II X' Prime (Euro 2100823) [CB V.2].mra": {"delete": [], "hash": "906af9eb76f74b4985481b826ae72ae9", "size": 62261, "url": "https://raw.githubusercontent.com/Toryalai1/Arcade_Offset/c8157ccbe4d39c517b1a2069646fe3f8a827ae3c/release/_Arcade%20Offset/_CP%20System%20II/_Colorblind/Super%20Puzzle%20Fighter%20II%20X%27%20Prime%20%28Euro%202100823%29%20%5BCB%20V.2%5D.mra"}, "_Arcade/_Arcade Offset/_CP System II/_HBMame/Street Fighter Zero 2 Alpha Super Golden (Japan 200217) [hbmame].mra": {"delete": [], "hash": "889d38c72c6772c466d9fa10f8de194c", "size": 10720, "url": "https://raw.githubusercontent.com/Toryalai1/Arcade_Offset/c8157ccbe4d39c517b1a2069646fe3f8a827ae3c/release/_Arcade%20Offset/_CP%20System%20II/_HBMame/Street%20Fighter%20Zero%202%20Alpha%20Super%20Golden%20%28Japan%20200217%29%20%5Bhbmame%5D.mra"}, "_Arcade/_Arcade Offset/_CP System II/_Training/Street Fighter Alpha 2 (Euro 960229) [Training Edition].mra": {"delete": [], "hash": "74a07ad3d170c5352f5bd053f8a47380", "size": 4469, "url": "https://raw.githubusercontent.com/Toryalai1/Arcade_Offset/c8157ccbe4d39c517b1a2069646fe3f8a827ae3c/release/_Arcade%20Offset/_CP%20System%20II/_Training/Street%20Fighter%20Alpha%202%20%28Euro%20960229%29%20%5BTraining%20Edition%5D.mra"}, "_Arcade/_Arcade Offset/_CP System II/_Training/Street Fighter Alpha 2 (USA 960430) [Training Edition].mra": {"delete": [], "hash": "cbc8025c8727adcbe4c282729023d084", "size": 4481, "url": "https://raw.githubusercontent.com/Toryalai1/Arcade_Offset/c8157ccbe4d39c517b1a2069646fe3f8a827ae3c/release/_Arcade%20Offset/_CP%20System%20II/_Training/Street%20Fighter%20Alpha%202%20%28USA%20960430%29%20%5BTraining%20Edition%5D.mra"}, "_Arcade/_Arcade Offset/_CP System II/_Training/Street Fighter Zero 3 (Japan 980629) [Training Edition v1.1].mra": {"delete": [], "hash": "93676ad669c41df7e456431968e35ff6", "size": 9117, "url": "https://raw.githubusercontent.com/Toryalai1/Arcade_Offset/c8157ccbe4d39c517b1a2069646fe3f8a827ae3c/release/_Arcade%20Offset/_CP%20System%20II/_Training/Street%20Fighter%20Zero%203%20%28Japan%20980629%29%20%5BTraining%20Edition%20v1.1%5D.mra"}, "_Arcade/_Arcade Offset/_CP System II/_Training/Street Fighter Zero 3 (Japan 980629) [Training Edition v1.2].mra": {"delete": [], "hash": "9e6e422a35903d5f02ccb746d7338d33", "size": 15597, "url": "https://raw.githubusercontent.com/Toryalai1/Arcade_Offset/c8157ccbe4d39c517b1a2069646fe3f8a827ae3c/release/_Arcade%20Offset/_CP%20System%20II/_Training/Street%20Fighter%20Zero%203%20%28Japan%20980629%29%20%5BTraining%20Edition%20v1.2%5D.mra"}, "_Arcade/_Arcade Offset/_CP System II/_Training/Super Street Fighter II Turbo (Asia 940223) [Training Edition].mra": {"delete": [], "hash": "7f969b45e64a1e129f4a7677aa57ae4c", "size": 6021, "url": "https://raw.githubusercontent.com/Toryalai1/Arcade_Offset/c8157ccbe4d39c517b1a2069646fe3f8a827ae3c/release/_Arcade%20Offset/_CP%20System%20II/_Training/Super%20Street%20Fighter%20II%20Turbo%20%28Asia%20940223%29%20%5BTraining%20Edition%5D.mra"}, "_Arcade/_Arcade Offset/_CP System II/_Training/Vampire Savior The Lord of Vampire (Euro 970519) [Training Edition].mra": {"delete": [], "hash": "9aec2d2427f7123847b90f0d8332634c", "size": 6005, "url": "https://raw.githubusercontent.com/Toryalai1/Arcade_Offset/c8157ccbe4d39c517b1a2069646fe3f8a827ae3c/release/_Arcade%20Offset/_CP%20System%20II/_Training/Vampire%20Savior%20The%20Lord%20of%20Vampire%20%28Euro%20970519%29%20%5BTraining%20Edition%5D.mra"}, "_Arcade/_Arcade Offset/_CP System II/_Unlocked/Cyberbots Fullmetal Madness (Euro 950424 Access Mod).mra": {"delete": [], "hash": "37c477ef36699a4d7e1b29d258f90cc3", "size": 5461, "url": "https://raw.githubusercontent.com/Toryalai1/Arcade_Offset/c8157ccbe4d39c517b1a2069646fe3f8a827ae3c/release/_Arcade%20Offset/_CP%20System%20II/_Unlocked/Cyberbots%20Fullmetal%20Madness%20%28Euro%20950424%20Access%20Mod%29.mra"}, "_Arcade/_Arcade Offset/_CP System II/_Unlocked/Dimahoo (Euro 000121) [Unlocked].mra": {"delete": [], "hash": "f2e99bc93cb13a90d359de015fe24971", "size": 3915, "url": "https://raw.githubusercontent.com/Toryalai1/Arcade_Offset/c8157ccbe4d39c517b1a2069646fe3f8a827ae3c/release/_Arcade%20Offset/_CP%20System%20II/_Unlocked/Dimahoo%20%28Euro%20000121%29%20%5BUnlocked%5D.mra"}, "_Arcade/_Arcade Offset/_CP System II/_Unlocked/Dimahoo (USA 000121) [Unlocked].mra": {"delete": [], "hash": "6097ada2929c6b525e41a3e2989d5938", "size": 3912, "url": "https://raw.githubusercontent.com/Toryalai1/Arcade_Offset/c8157ccbe4d39c517b1a2069646fe3f8a827ae3c/release/_Arcade%20Offset/_CP%20System%20II/_Unlocked/Dimahoo%20%28USA%20000121%29%20%5BUnlocked%5D.mra"}, "_Arcade/_Arcade Offset/_CP System II/_Unlocked/Great Mahou Daisakusen (Japan 000121) [Unlocked].mra": {"delete": [], "hash": "5bb5440da4ad7058660c779d179a0d42", "size": 3929, "url": "https://raw.githubusercontent.com/Toryalai1/Arcade_Offset/c8157ccbe4d39c517b1a2069646fe3f8a827ae3c/release/_Arcade%20Offset/_CP%20System%20II/_Unlocked/Great%20Mahou%20Daisakusen%20%28Japan%20000121%29%20%5BUnlocked%5D.mra"}, "_Arcade/_Arcade Offset/_CP System II/_Unlocked/Marvel Super Heroes (Japan 951117) [Unlocked].mra": {"delete": [], "hash": "672d80e4f0166cc3db53da51df614e23", "size": 4523, "url": "https://raw.githubusercontent.com/Toryalai1/Arcade_Offset/c8157ccbe4d39c517b1a2069646fe3f8a827ae3c/release/_Arcade%20Offset/_CP%20System%20II/_Unlocked/Marvel%20Super%20Heroes%20%28Japan%20951117%29%20%5BUnlocked%5D.mra"}, "_Arcade/_Arcade Offset/_CP System II/_Unlocked/Marvel Super Heroes (USA 951117) [Unlocked].mra": {"delete": [], "hash": "292bddc208cdf269367c6a5e765b6deb", "size": 4561, "url": "https://raw.githubusercontent.com/Toryalai1/Arcade_Offset/c8157ccbe4d39c517b1a2069646fe3f8a827ae3c/release/_Arcade%20Offset/_CP%20System%20II/_Unlocked/Marvel%20Super%20Heroes%20%28USA%20951117%29%20%5BUnlocked%5D.mra"}, "_Arcade/_Arcade Offset/_CP System II/_Unlocked/Marvel Super Heroes Vs. Street Fighter (Japan 970707) [Unlocked].mra": {"delete": [], "hash": "c631362becf99faf55b8e1fcc849c494", "size": 5650, "url": "https://raw.githubusercontent.com/Toryalai1/Arcade_Offset/c8157ccbe4d39c517b1a2069646fe3f8a827ae3c/release/_Arcade%20Offset/_CP%20System%20II/_Unlocked/Marvel%20Super%20Heroes%20Vs.%20Street%20Fighter%20%28Japan%20970707%29%20%5BUnlocked%5D.mra"}, "_Arcade/_Arcade Offset/_CP System II/_Unlocked/Marvel Super Heroes Vs. Street Fighter (USA 970625) [Unlocked].mra": {"delete": [], "hash": "c29bfa04cad776d07e516201b76582f1", "size": 5985, "url": "https://raw.githubusercontent.com/Toryalai1/Arcade_Offset/c8157ccbe4d39c517b1a2069646fe3f8a827ae3c/release/_Arcade%20Offset/_CP%20System%20II/_Unlocked/Marvel%20Super%20Heroes%20Vs.%20Street%20Fighter%20%28USA%20970625%29%20%5BUnlocked%5D.mra"}, "_Arcade/_Arcade Offset/_CP System II/_Unlocked/Marvel Vs. Capcom Clash of Super Heroes (Japan 980112) [Onslaught Edition].mra": {"delete": [], "hash": "2a61f221c0943902893d00de4ed3ff30", "size": 6546, "url": "https://raw.githubusercontent.com/Toryalai1/Arcade_Offset/c8157ccbe4d39c517b1a2069646fe3f8a827ae3c/release/_Arcade%20Offset/_CP%20System%20II/_Unlocked/Marvel%20Vs.%20Capcom%20Clash%20of%20Super%20Heroes%20%28Japan%20980112%29%20%5BOnslaught%20Edition%5D.mra"}, "_Arcade/_Arcade Offset/_CP System II/_Unlocked/Marvel Vs. Capcom Clash of Super Heroes (Japan 980123) [Unlocked].mra": {"delete": [], "hash": "6abda187aebe1dd53e440ce7a04a79d7", "size": 4667, "url": "https://raw.githubusercontent.com/Toryalai1/Arcade_Offset/c8157ccbe4d39c517b1a2069646fe3f8a827ae3c/release/_Arcade%20Offset/_CP%20System%20II/_Unlocked/Marvel%20Vs.%20Capcom%20Clash%20of%20Super%20Heroes%20%28Japan%20980123%29%20%5BUnlocked%5D.mra"}, "_Arcade/_Arcade Offset/_CP System II/_Unlocked/Marvel Vs. Capcom Clash of Super Heroes (USA 980112) [Onslaught Edition].mra": {"delete": [], "hash": "6bdf800c5596053f96ba1439e7945441", "size": 6584, "url": "https://raw.githubusercontent.com/Toryalai1/Arcade_Offset/c8157ccbe4d39c517b1a2069646fe3f8a827ae3c/release/_Arcade%20Offset/_CP%20System%20II/_Unlocked/Marvel%20Vs.%20Capcom%20Clash%20of%20Super%20Heroes%20%28USA%20980112%29%20%5BOnslaught%20Edition%5D.mra"}, "_Arcade/_Arcade Offset/_CP System II/_Unlocked/Marvel Vs. Capcom Clash of Super Heroes (USA 980123) [Unlocked].mra": {"delete": [], "hash": "520f83e714f4f51a0c5d8176a6bb79a0", "size": 4663, "url": "https://raw.githubusercontent.com/Toryalai1/Arcade_Offset/c8157ccbe4d39c517b1a2069646fe3f8a827ae3c/release/_Arcade%20Offset/_CP%20System%20II/_Unlocked/Marvel%20Vs.%20Capcom%20Clash%20of%20Super%20Heroes%20%28USA%20980123%29%20%5BUnlocked%5D.mra"}, "_Arcade/_Arcade Offset/_CP System II/_Unlocked/Progear (USA 010117, Second Loop) [Unlocked].mra": {"delete": [], "hash": "81fa61b08b71bdebf3f4665b0800dbdc", "size": 6803, "url": "https://raw.githubusercontent.com/Toryalai1/Arcade_Offset/c8157ccbe4d39c517b1a2069646fe3f8a827ae3c/release/_Arcade%20Offset/_CP%20System%20II/_Unlocked/Progear%20%28USA%20010117%2C%20Second%20Loop%29%20%5BUnlocked%5D.mra"}, "_Arcade/_Arcade Offset/_CP System II/_Unlocked/Progear no Arashi (Japan 010117, Second Loop) [Unlocked].mra": {"delete": [], "hash": "b2aefcc3c3344c1759f09ac0c5889f6c", "size": 4728, "url": "https://raw.githubusercontent.com/Toryalai1/Arcade_Offset/c8157ccbe4d39c517b1a2069646fe3f8a827ae3c/release/_Arcade%20Offset/_CP%20System%20II/_Unlocked/Progear%20no%20Arashi%20%28Japan%20010117%2C%20Second%20Loop%29%20%5BUnlocked%5D.mra"}, "_Arcade/_Arcade Offset/_CP System II/_Unlocked/Street Fighter Zero (Japan 950727) [Unlocked v1].mra": {"delete": [], "hash": "546b26102984b495ff5b9f41cfde048d", "size": 4305, "url": "https://raw.githubusercontent.com/Toryalai1/Arcade_Offset/c8157ccbe4d39c517b1a2069646fe3f8a827ae3c/release/_Arcade%20Offset/_CP%20System%20II/_Unlocked/Street%20Fighter%20Zero%20%28Japan%20950727%29%20%5BUnlocked%20v1%5D.mra"}, "_Arcade/_Arcade Offset/_CP System II/_Unlocked/Street Fighter Zero 2 Alpha (Asia 960826) [Unlocked].mra": {"delete": [], "hash": "f3ed226db77fcfa70617586c4f21e973", "size": 4573, "url": "https://raw.githubusercontent.com/Toryalai1/Arcade_Offset/c8157ccbe4d39c517b1a2069646fe3f8a827ae3c/release/_Arcade%20Offset/_CP%20System%20II/_Unlocked/Street%20Fighter%20Zero%202%20Alpha%20%28Asia%20960826%29%20%5BUnlocked%5D.mra"}, "_Arcade/_Arcade Offset/_CP System II/_Unlocked/Street Fighter Zero 2 Alpha (Japan 960805) [Unlocked].mra": {"delete": [], "hash": "3f6da64aa9c655b55ed572badb2007ad", "size": 4582, "url": "https://raw.githubusercontent.com/Toryalai1/Arcade_Offset/c8157ccbe4d39c517b1a2069646fe3f8a827ae3c/release/_Arcade%20Offset/_CP%20System%20II/_Unlocked/Street%20Fighter%20Zero%202%20Alpha%20%28Japan%20960805%29%20%5BUnlocked%5D.mra"}, "_Arcade/_Arcade Offset/_CP System II/_Unlocked/Street Fighter Zero 2 Alpha (USA 960813) [Unlocked].mra": {"delete": [], "hash": "b77edb433114802d0c53c9cac0c7fd58", "size": 4617, "url": "https://raw.githubusercontent.com/Toryalai1/Arcade_Offset/c8157ccbe4d39c517b1a2069646fe3f8a827ae3c/release/_Arcade%20Offset/_CP%20System%20II/_Unlocked/Street%20Fighter%20Zero%202%20Alpha%20%28USA%20960813%29%20%5BUnlocked%5D.mra"}, "_Arcade/_Arcade Offset/_CP System II/_Unlocked/Street Fighter Zero 3 (Japan 980904) [Unlocked].mra": {"delete": [], "hash": "f63c8210b5809282629099190926b360", "size": 4771, "url": "https://raw.githubusercontent.com/Toryalai1/Arcade_Offset/c8157ccbe4d39c517b1a2069646fe3f8a827ae3c/release/_Arcade%20Offset/_CP%20System%20II/_Unlocked/Street%20Fighter%20Zero%203%20%28Japan%20980904%29%20%5BUnlocked%5D.mra"}, "_Arcade/_Arcade Offset/_CP System II/_Unlocked/Super Street Fighter II X Grand Master Challenge (Japan 940223) [Free Play].mra": {"delete": [], "hash": "f617364fa9d376ec2ababdfb8939356a", "size": 4694, "url": "https://raw.githubusercontent.com/Toryalai1/Arcade_Offset/c8157ccbe4d39c517b1a2069646fe3f8a827ae3c/release/_Arcade%20Offset/_CP%20System%20II/_Unlocked/Super%20Street%20Fighter%20II%20X%20Grand%20Master%20Challenge%20%28Japan%20940223%29%20%5BFree%20Play%5D.mra"}, "_Arcade/_Arcade Offset/_CP System II/_Unlocked/Super Street Fighter II X Grand Master Challenge (Japan 940311) [Free Play].mra": {"delete": [], "hash": "f0de8199c77a42000b99f12a93bde0ed", "size": 4695, "url": "https://raw.githubusercontent.com/Toryalai1/Arcade_Offset/c8157ccbe4d39c517b1a2069646fe3f8a827ae3c/release/_Arcade%20Offset/_CP%20System%20II/_Unlocked/Super%20Street%20Fighter%20II%20X%20Grand%20Master%20Challenge%20%28Japan%20940311%29%20%5BFree%20Play%5D.mra"}, "_Arcade/_Arcade Offset/_CP System II/_Unlocked/Vampire Savior The Lord of Vampire (Euro 970519) [Aesthetic Mod v1.5].mra": {"delete": [], "hash": "224526ffaefe302b4490bded0421cd71", "size": 38024, "url": "https://raw.githubusercontent.com/Toryalai1/Arcade_Offset/c8157ccbe4d39c517b1a2069646fe3f8a827ae3c/release/_Arcade%20Offset/_CP%20System%20II/_Unlocked/Vampire%20Savior%20The%20Lord%20of%20Vampire%20%28Euro%20970519%29%20%5BAesthetic%20Mod%20v1.5%5D.mra"}, "_Arcade/_Arcade Offset/_CP System II/_Unlocked/Vampire Savior The Lord of Vampire (Euro 970519) [Unlocked].mra": {"delete": [], "hash": "dd9d7774f9be0cb5d273cc53071b726d", "size": 7488, "url": "https://raw.githubusercontent.com/Toryalai1/Arcade_Offset/c8157ccbe4d39c517b1a2069646fe3f8a827ae3c/release/_Arcade%20Offset/_CP%20System%20II/_Unlocked/Vampire%20Savior%20The%20Lord%20of%20Vampire%20%28Euro%20970519%29%20%5BUnlocked%5D.mra"}, "_Arcade/_Arcade Offset/_CP System II/_Unlocked/X-Men Children of the Atom (Japan 941219) [Unlocked].mra": {"delete": [], "hash": "fef85feb4d5a4d98550983fc31e95e87", "size": 5132, "url": "https://raw.githubusercontent.com/Toryalai1/Arcade_Offset/c8157ccbe4d39c517b1a2069646fe3f8a827ae3c/release/_Arcade%20Offset/_CP%20System%20II/_Unlocked/X-Men%20Children%20of%20the%20Atom%20%28Japan%20941219%29%20%5BUnlocked%5D.mra"}, "_Arcade/_Arcade Offset/_CP System II/_Unlocked/X-Men Children of the Atom (USA 941219) [Unlocked].mra": {"delete": [], "hash": "41afb7fa6a73923b52d04afd8ab13c53", "size": 5170, "url": "https://raw.githubusercontent.com/Toryalai1/Arcade_Offset/c8157ccbe4d39c517b1a2069646fe3f8a827ae3c/release/_Arcade%20Offset/_CP%20System%20II/_Unlocked/X-Men%20Children%20of%20the%20Atom%20%28USA%20941219%29%20%5BUnlocked%5D.mra"}, "_Arcade/_Arcade Offset/_CP System/Final Fight 30th Anniversary Edition (World 891214).mra": {"delete": [], "hash": "2fa57477f4cdf52aa11625ca4f4d7e51", "size": 152355, "url": "https://raw.githubusercontent.com/Toryalai1/Arcade_Offset/c8157ccbe4d39c517b1a2069646fe3f8a827ae3c/release/_Arcade%20Offset/_CP%20System/Final%20Fight%2030th%20Anniversary%20Edition%20%28World%20891214%29.mra"}, "_Arcade/_Arcade Offset/_CP System/Street Fighter II' Champion Edition (Aimed Barrels).mra": {"delete": [], "hash": "b0f90207a3f35811281a8d4e24dce89c", "size": 721328, "url": "https://raw.githubusercontent.com/Toryalai1/Arcade_Offset/c8157ccbe4d39c517b1a2069646fe3f8a827ae3c/release/_Arcade%20Offset/_CP%20System/Street%20Fighter%20II%27%20Champion%20Edition%20%28Aimed%20Barrels%29.mra"}, "_Arcade/_Arcade Offset/_CP System/Street Fighter II' Champion Edition (Aimed Fires ).mra": {"delete": [], "hash": "c6adc1ee984d52d8996f4385e2017267", "size": 721382, "url": "https://raw.githubusercontent.com/Toryalai1/Arcade_Offset/c8157ccbe4d39c517b1a2069646fe3f8a827ae3c/release/_Arcade%20Offset/_CP%20System/Street%20Fighter%20II%27%20Champion%20Edition%20%28Aimed%20Fires%20%29.mra"}, "_Arcade/_Arcade Offset/_CP System/Street Fighter II' Champion Edition (Barrels of Fun).mra": {"delete": [], "hash": "b21196a5d15478dbc62d77cc27f379ee", "size": 721485, "url": "https://raw.githubusercontent.com/Toryalai1/Arcade_Offset/c8157ccbe4d39c517b1a2069646fe3f8a827ae3c/release/_Arcade%20Offset/_CP%20System/Street%20Fighter%20II%27%20Champion%20Edition%20%28Barrels%20of%20Fun%29.mra"}, "_Arcade/_Arcade Offset/_CP System/Street Fighter II' Champion Edition (Bird in Hand).mra": {"delete": [], "hash": "bd75bdece09d85967f46aba0449e3a4f", "size": 721663, "url": "https://raw.githubusercontent.com/Toryalai1/Arcade_Offset/c8157ccbe4d39c517b1a2069646fe3f8a827ae3c/release/_Arcade%20Offset/_CP%20System/Street%20Fighter%20II%27%20Champion%20Edition%20%28Bird%20in%20Hand%29.mra"}, "_Arcade/_Arcade Offset/_CP System/Street Fighter II' Champion Edition (Burning Fires).mra": {"delete": [], "hash": "b4506d2952b6c5e36b0ac7505738986c", "size": 721488, "url": "https://raw.githubusercontent.com/Toryalai1/Arcade_Offset/c8157ccbe4d39c517b1a2069646fe3f8a827ae3c/release/_Arcade%20Offset/_CP%20System/Street%20Fighter%20II%27%20Champion%20Edition%20%28Burning%20Fires%29.mra"}, "_Arcade/_Arcade Offset/_CP System/Street Fighter II' Champion Edition (Double K.O. Turbo II).mra": {"delete": [], "hash": "650bd457c0cbc13a82ec196732abcfe3", "size": 4767, "url": "https://raw.githubusercontent.com/Toryalai1/Arcade_Offset/c8157ccbe4d39c517b1a2069646fe3f8a827ae3c/release/_Arcade%20Offset/_CP%20System/Street%20Fighter%20II%27%20Champion%20Edition%20%28Double%20K.O.%20Turbo%20II%29.mra"}, "_Arcade/_Arcade Offset/_CP System/Street Fighter II' Champion Edition (Fire Serpent).mra": {"delete": [], "hash": "c6faea2d484e9b935dc309fc622760fd", "size": 721431, "url": "https://raw.githubusercontent.com/Toryalai1/Arcade_Offset/c8157ccbe4d39c517b1a2069646fe3f8a827ae3c/release/_Arcade%20Offset/_CP%20System/Street%20Fighter%20II%27%20Champion%20Edition%20%28Fire%20Serpent%29.mra"}, "_Arcade/_Arcade Offset/_CP System/Street Fighter II' Champion Edition (Rainbow Edition, Set 1).mra": {"delete": [], "hash": "2dce12de8af7bec29027829bf176c9e5", "size": 5054, "url": "https://raw.githubusercontent.com/Toryalai1/Arcade_Offset/c8157ccbe4d39c517b1a2069646fe3f8a827ae3c/release/_Arcade%20Offset/_CP%20System/Street%20Fighter%20II%27%20Champion%20Edition%20%28Rainbow%20Edition%2C%20Set%201%29.mra"}, "_Arcade/_Arcade Offset/_CP System/Street Fighter II' Champion Edition (Vampiric).mra": {"delete": [], "hash": "9c53aa1cfa938eb3a0389c462e10060e", "size": 721376, "url": "https://raw.githubusercontent.com/Toryalai1/Arcade_Offset/c8157ccbe4d39c517b1a2069646fe3f8a827ae3c/release/_Arcade%20Offset/_CP%20System/Street%20Fighter%20II%27%20Champion%20Edition%20%28Vampiric%29.mra"}, "_Arcade/_Arcade Offset/_CP System/Street Smart Final Fight (Japan) [Hack].mra": {"delete": [], "hash": "a2c4a4b9eac8252fa60bced54361673b", "size": 3892, "url": "https://raw.githubusercontent.com/Toryalai1/Arcade_Offset/c8157ccbe4d39c517b1a2069646fe3f8a827ae3c/release/_Arcade%20Offset/_CP%20System/Street%20Smart%20Final%20Fight%20%28Japan%29%20%5BHack%5D.mra"}, "_Arcade/_Arcade Offset/_CP System/Strider Fix.mra": {"delete": [], "hash": "40c282eebdd2382275433c6e5e5425c0", "size": 87614, "url": "https://raw.githubusercontent.com/Toryalai1/Arcade_Offset/c8157ccbe4d39c517b1a2069646fe3f8a827ae3c/release/_Arcade%20Offset/_CP%20System/Strider%20Fix.mra"}, "_Arcade/_Arcade Offset/_CP System/_HBMame/Street Fighter 2 Mix (Ver 1.0 210623) [hbmame].mra": {"delete": [], "hash": "1cc8596e4156c5d298c84e17fd014390", "size": 7624989, "url": "https://raw.githubusercontent.com/Toryalai1/Arcade_Offset/c8157ccbe4d39c517b1a2069646fe3f8a827ae3c/release/_Arcade%20Offset/_CP%20System/_HBMame/Street%20Fighter%202%20Mix%20%28Ver%201.0%20210623%29%20%5Bhbmame%5D.mra"}, "_Arcade/_Arcade Offset/_CP System/_HBMame/Street Fighter II' Champion Edition (Extra Koryu 190613) [hbmame].mra": {"delete": [], "hash": "ab4aa618fda3db97ebe837825adbf116", "size": 366770, "url": "https://raw.githubusercontent.com/Toryalai1/Arcade_Offset/c8157ccbe4d39c517b1a2069646fe3f8a827ae3c/release/_Arcade%20Offset/_CP%20System/_HBMame/Street%20Fighter%20II%27%20Champion%20Edition%20%28Extra%20Koryu%20190613%29%20%5Bhbmame%5D.mra"}, "_Arcade/_Arcade Offset/_CP System/_HBMame/Street Fighter II' Champion Edition (Golden Edition 180924) [hbmame].mra": {"delete": [], "hash": "89b72912e455012fb1985a75f65e03b2", "size": 2556839, "url": "https://raw.githubusercontent.com/Toryalai1/Arcade_Offset/c8157ccbe4d39c517b1a2069646fe3f8a827ae3c/release/_Arcade%20Offset/_CP%20System/_HBMame/Street%20Fighter%20II%27%20Champion%20Edition%20%28Golden%20Edition%20180924%29%20%5Bhbmame%5D.mra"}, "_Arcade/_Arcade Offset/_CP System/_HBMame/Street Fighter II' Champion Edition (Golden Edition Deluxe 190331) [hbmame].mra": {"delete": [], "hash": "27c58f7179de982ab7fad029286af5b6", "size": 2562015, "url": "https://raw.githubusercontent.com/Toryalai1/Arcade_Offset/c8157ccbe4d39c517b1a2069646fe3f8a827ae3c/release/_Arcade%20Offset/_CP%20System/_HBMame/Street%20Fighter%20II%27%20Champion%20Edition%20%28Golden%20Edition%20Deluxe%20190331%29%20%5Bhbmame%5D.mra"}, "_Arcade/_Arcade Offset/_CP System/_HBMame/Street Fighter II' Champion Edition (Koryu V2 181101) [hbmame].mra": {"delete": [], "hash": "90b0ce202e42d0178aa8ae0af1c9c5a9", "size": 3346170, "url": "https://raw.githubusercontent.com/Toryalai1/Arcade_Offset/c8157ccbe4d39c517b1a2069646fe3f8a827ae3c/release/_Arcade%20Offset/_CP%20System/_HBMame/Street%20Fighter%20II%27%20Champion%20Edition%20%28Koryu%20V2%20181101%29%20%5Bhbmame%5D.mra"}, "_Arcade/_Arcade Offset/_CP System/_HBMame/Street Fighter II' Champion Edition (Omega Edition 181112) [hbmame].mra": {"delete": [], "hash": "8008f9ad003afb2ab30a2ef7b23323ae", "size": 2557151, "url": "https://raw.githubusercontent.com/Toryalai1/Arcade_Offset/c8157ccbe4d39c517b1a2069646fe3f8a827ae3c/release/_Arcade%20Offset/_CP%20System/_HBMame/Street%20Fighter%20II%27%20Champion%20Edition%20%28Omega%20Edition%20181112%29%20%5Bhbmame%5D.mra"}, "_Arcade/_Arcade Offset/_Capcom M68000/Street Fighter (US, set 1) [yumeji sf1++].mra": {"delete": [], "hash": "b3ee716adb27432e5565ed868cab5a2b", "size": 112997, "url": "https://raw.githubusercontent.com/Toryalai1/Arcade_Offset/c8157ccbe4d39c517b1a2069646fe3f8a827ae3c/release/_Arcade%20Offset/_Capcom%20M68000/Street%20Fighter%20%28US%2C%20set%201%29%20%5Byumeji%20sf1%2B%2B%5D.mra"}, "_Arcade/_Arcade Offset/_Cave/Dangun Feveron (No discomen).mra": {"delete": [], "hash": "11d89f808d91607470da504ea790a49a", "size": 2022, "url": "https://raw.githubusercontent.com/Toryalai1/Arcade_Offset/c8157ccbe4d39c517b1a2069646fe3f8a827ae3c/release/_Arcade%20Offset/_Cave/Dangun%20Feveron%20%28No%20discomen%29.mra"}, "_Arcade/_Arcade Offset/_ST-V/Guardian Force Low Lag (trap15).mra": {"delete": [], "hash": "e09c2ed20aff7a64b4dfc8335e36072e", "size": 3233, "url": "https://raw.githubusercontent.com/Toryalai1/Arcade_Offset/c8157ccbe4d39c517b1a2069646fe3f8a827ae3c/release/_Arcade%20Offset/_ST-V/Guardian%20Force%20Low%20Lag%20%28trap15%29.mra"}, "_Arcade/_Arcade Offset/_ST-V/Radiant Silvergun EX (trap15).mra": {"delete": [], "hash": "d8eb0ce88e730bf01f7fb294fc97c859", "size": 5484, "url": "https://raw.githubusercontent.com/Toryalai1/Arcade_Offset/c8157ccbe4d39c517b1a2069646fe3f8a827ae3c/release/_Arcade%20Offset/_ST-V/Radiant%20Silvergun%20EX%20%28trap15%29.mra"}, "_Arcade/_Arcade Offset/_The Simpsons/The Simpsons (2 Players Free Play).mra": {"delete": [], "hash": "90d5cff2f85c2c22ad93976a8028f612", "size": 9753, "url": "https://raw.githubusercontent.com/Toryalai1/Arcade_Offset/c8157ccbe4d39c517b1a2069646fe3f8a827ae3c/release/_Arcade%20Offset/_The%20Simpsons/The%20Simpsons%20%282%20Players%20Free%20Play%29.mra"}}, "files_count": 79, "folders": {"_Arcade": {}, "_Arcade/_Arcade Offset": {}, "_Arcade/_Arcade Offset/_Bubble Bobble": {}, "_Arcade/_Arcade Offset/_CP System": {}, "_Arcade/_Arcade Offset/_CP System Changer": {}, "_Arcade/_Arcade Offset/_CP System II": {}, "_Arcade/_Arcade Offset/_CP System II/_Colorblind": {}, "_Arcade/_Arcade Offset/_CP System II/_HBMame": {}, "_Arcade/_Arcade Offset/_CP System II/_Training": {}, "_Arcade/_Arcade Offset/_CP System II/_Unlocked": {}, "_Arcade/_Arcade Offset/_CP System/_HBMame": {}, "_Arcade/_Arcade Offset/_Capcom M68000": {}, "_Arcade/_Arcade Offset/_Cave": {}, "_Arcade/_Arcade Offset/_ST-V": {}, "_Arcade/_Arcade Offset/_The Simpsons": {}}, "folders_count": 15, "header": ["\u001b[0;35m             __    _                      _          ___   __  __          _\n\u001b[0;35m            / /   / \\   _ __ ___ __ _  __| | ___    / _ \\ / _|/ _|___  ___| |_\n\u001b[0;35m           / /   / _ \\ |  __/ __/ _  |/ _  |/ _ \\  | | | | |_| |_/ __|/ _ \\ __|\n\u001b[0;35m        _ / /   / ___ \\| | | (_| (_| | (_| |  __/  | |_| |  _|  _\\__ \\  __/ |_\n\u001b[0;35m       (_)_/___/_/   \\_\\_|  \\___\\__,_|\\__,_|\\___|   \\___/|_| |_| |___/\\___|\\__|\n\u001b[0;35m          |_____|\n\u001b[0m"], "latest_zip_url": "https://github.com/Toryalai1/Arcade_Offset/archive/refs/heads/db.zip", "time": "2025/09/21 21:32:23", "timestamp": 1758483153, "zips": {}}